{
  "basic_metrics": {
    "accuracy": 0.8824529471768306,
    "f1_score": 0.8800115547847717,
    "precision": 0.8892323797794578,
    "recall": 0.8824529471768306,
    "matthews_correlation": 0.7610920706283387
  },
  "confusion_matrix": {
    "matrix": [
      [
        28331,
        999
      ],
      [
        4878,
        15789
      ]
    ],
    "true_positives": 15789,
    "true_negatives": 28331,
    "false_positives": 999,
    "false_negatives": 4878,
    "specificity": 0.9659393112853734,
    "sensitivity": 0.7639715488459864,
    "npv": 0.8531121081634496
  },
  "confidence_analysis": {
    "mean_confidence": 0.7256207698368863,
    "min_confidence": 0.5000014484077566,
    "max_confidence": 1.0,
    "low_confidence_count": 22693,
    "high_confidence_count": 6129,
    "low_confidence_ratio": 0.45388723323399405,
    "high_confidence_ratio": 0.12258735524131448
  },
  "detailed_report": {
    "Benign": {
      "precision": 0.8531121081634496,
      "recall": 0.9659393112853734,
      "f1-score": 0.9060266393770288,
      "support": 29330.0
    },
    "Keylogger": {
      "precision": 0.9404932094353109,
      "recall": 0.7639715488459864,
      "f1-score": 0.8430917100520625,
      "support": 20667.0
    },
    "accuracy": 0.8824529471768306,
    "macro avg": {
      "precision": 0.8968026587993803,
      "recall": 0.8649554300656799,
      "f1-score": 0.8745591747145456,
      "support": 49997.0
    },
    "weighted avg": {
      "precision": 0.8892323797794578,
      "recall": 0.8824529471768306,
      "f1-score": 0.8800115547847717,
      "support": 49997.0
    }
  },
  "timestamp": "2025-09-18T11:27:27.098819",
  "roc_analysis": {
    "roc_auc": 0.9585855744339178,
    "pr_auc": 0.9479749224331331
  },
  "feature_analysis": {
    "all_features": {
      "Unnamed: 0": 0.03660700937963831,
      " Source Port": 0.04336319054441626,
      " Destination Port": 0.018055855109235096,
      " Protocol": 0.0003205966630137301,
      " Flow Duration": 0.04003965148774672,
      " Total Fwd Packets": 0.005725653887662734,
      " Total Backward Packets": 0.005309324931477399,
      "Total Length of Fwd Packets": 0.013013969974457749,
      " Total Length of Bwd Packets": 0.012182702301412007,
      " Fwd Packet Length Max": 0.014429368414492588,
      " Fwd Packet Length Min": 0.0046321101088811845,
      " Fwd Packet Length Mean": 0.013544305270027398,
      " Fwd Packet Length Std": 0.01104613477103406,
      "Bwd Packet Length Max": 0.008945282511039265,
      " Bwd Packet Length Min": 0.004505526027608161,
      " Bwd Packet Length Mean": 0.012164213534934975,
      " Bwd Packet Length Std": 0.009178031363208562,
      "Flow Bytes/s": 0.021696813752778175,
      " Flow Packets/s": 0.037678341002312175,
      " Flow IAT Mean": 0.03796459371909911,
      " Flow IAT Std": 0.018733676401218164,
      " Flow IAT Max": 0.040490173281959495,
      " Flow IAT Min": 0.042164198147543595,
      "Fwd IAT Total": 0.02500484807442802,
      " Fwd IAT Mean": 0.024375908803197916,
      " Fwd IAT Std": 0.01768410511216399,
      " Fwd IAT Max": 0.026464579201958188,
      " Fwd IAT Min": 0.028700457778113996,
      "Bwd IAT Total": 0.011482911624009929,
      " Bwd IAT Mean": 0.010924794069855729,
      " Bwd IAT Std": 0.009543647480399198,
      " Bwd IAT Max": 0.01155114716811585,
      " Bwd IAT Min": 0.013762125799302341,
      "Fwd PSH Flags": 0.0007522020234415705,
      " Bwd PSH Flags": 0.0,
      " Fwd URG Flags": 0.0,
      " Bwd URG Flags": 0.0,
      " Fwd Header Length": 0.014557422985258367,
      " Bwd Header Length": 0.010056767159496707,
      "Fwd Packets/s": 0.03818435628608203,
      " Bwd Packets/s": 0.027250698924010254,
      " Min Packet Length": 0.004322117123248103,
      " Max Packet Length": 0.01087681715718893,
      " Packet Length Mean": 0.01644521608294853,
      " Packet Length Std": 0.01483971058459958,
      " Packet Length Variance": 0.014114867118683415,
      "FIN Flag Count": 0.00030648203251635784,
      " SYN Flag Count": 0.0008425641030396432,
      " RST Flag Count": 0.0,
      " PSH Flag Count": 0.0006491933487695752,
      " ACK Flag Count": 0.0012612493111235068,
      " URG Flag Count": 0.007676855912604719,
      " CWE Flag Count": 0.0,
      " ECE Flag Count": 0.0,
      " Down/Up Ratio": 0.0026313726599548537,
      " Average Packet Size": 0.01619898058719772,
      " Avg Fwd Segment Size": 0.013108987660976327,
      " Avg Bwd Segment Size": 0.012597149948635318,
      " Fwd Header Length.1": 0.014589607158777398,
      "Fwd Avg Bytes/Bulk": 0.0,
      " Fwd Avg Packets/Bulk": 0.0,
      " Fwd Avg Bulk Rate": 0.0,
      " Bwd Avg Bytes/Bulk": 0.0,
      " Bwd Avg Packets/Bulk": 0.0,
      "Bwd Avg Bulk Rate": 0.0,
      "Subflow Fwd Packets": 0.005474657660402748,
      " Subflow Fwd Bytes": 0.013854665314273935,
      " Subflow Bwd Packets": 0.005477079903000628,
      " Subflow Bwd Bytes": 0.011464849882484177,
      "Init_Win_bytes_forward": 0.0363802500383456,
      " Init_Win_bytes_backward": 0.02970224308380178,
      " act_data_pkt_fwd": 0.004590476238376549,
      " min_seg_size_forward": 0.007398911258089473,
      "Active Mean": 0.004531385821648407,
      " Active Std": 0.0008607640035422403,
      " Active Max": 0.0044917839020325355,
      " Active Min": 0.00485983168110533,
      "Idle Mean": 0.005220190076147007,
      " Idle Std": 0.0019425411025727646,
      " Idle Max": 0.005020687863453103,
      " Idle Min": 0.006181816305428583
    },
    "top_15_features": [
      [
        " Source Port",
        0.04336319054441626
      ],
      [
        " Flow IAT Min",
        0.042164198147543595
      ],
      [
        " Flow IAT Max",
        0.040490173281959495
      ],
      [
        " Flow Duration",
        0.04003965148774672
      ],
      [
        "Fwd Packets/s",
        0.03818435628608203
      ],
      [
        " Flow IAT Mean",
        0.03796459371909911
      ],
      [
        " Flow Packets/s",
        0.037678341002312175
      ],
      [
        "Unnamed: 0",
        0.03660700937963831
      ],
      [
        "Init_Win_bytes_forward",
        0.0363802500383456
      ],
      [
        " Init_Win_bytes_backward",
        0.02970224308380178
      ],
      [
        " Fwd IAT Min",
        0.028700457778113996
      ],
      [
        " Bwd Packets/s",
        0.027250698924010254
      ],
      [
        " Fwd IAT Max",
        0.026464579201958188
      ],
      [
        "Fwd IAT Total",
        0.02500484807442802
      ],
      [
        " Fwd IAT Mean",
        0.024375908803197916
      ]
    ]
  }
}